{
  "project_info": {
    "project_number": "143827025558",
    "firebase_url": "https://greencity-fab18.firebaseio.com",
    "project_id": "greencity-fab18",
    "storage_bucket": "greencity-fab18.appspot.com"
  },
  "client": [
    {
      "client_info": {
        "mobilesdk_app_id": "1:143827025558:android:2e6af013640418ca",
        "android_client_info": {
          "package_name": "be.unamur.greencity"
        }
      },
      "oauth_client": [
        {
          "client_id": "143827025558-dq32rj370o6abdg6jt4q9dq4jfkkvsa1.apps.googleusercontent.com",
          "client_type": 1,
          "android_info": {
            "package_name": "be.unamur.greencity",
            "certificate_hash": "47364c24e7adc44d5172e952f55008914d65ced4"
          }
        },
        {
          "client_id": "143827025558-4g1bosolqfsegsicahlfk3cs8s0ckqkb.apps.googleusercontent.com",
          "client_type": 3
        }
      ],
      "api_key": [
        {
          "current_key": "AIzaSyAMjnRyIsyB9aB-tgHnB1xrdJPSXpifIpU"
        }
      ],
      "services": {
        "analytics_service": {
          "status": 1
        },
        "appinvite_service": {
          "status": 2,
          "other_platform_oauth_client": [
            {
              "client_id": "143827025558-4g1bosolqfsegsicahlfk3cs8s0ckqkb.apps.googleusercontent.com",
              "client_type": 3
            }
          ]
        },
        "ads_service": {
          "status": 2
        }
      }
    }
  ],
  "configuration_version": "1"
}